alpha (deg),CL,CD,CL/CD
0,0.0000,0.01046,-
1,0.1049,0.01060,9.9
2,0.2112,0.01103,19.1
3,0.3220,0.01177,27.3
4,0.4399,0.01273,34.6
5,0.5678,0.01391,40.8
6,0.7028,0.01538,45.7
7,0.8287,0.01706,48.6
8,0.9075,0.01905,47.6
9,0.9508,0.02054,46.3
10,1.0070,0.02279,44.2
12,1.0899,0.02970,36.7
14,1.1454,0.04265,26.9
16,1.1557,0.06457,17.9
