V/OmegaR,theta0.75R,DeltaCQ,lambda2,lambda1(T),lambda1(Q)
0,5.33,0.000000,0,1.07,1.03
.0211,5.51,0.000002,0.13,1.07,1.05
.0440,5.80,0.000006,0.27,1.08,1.08
.0663,6.21,0.000013,0.43,1.11,1.14
.0821,6.60,0.000016,0.57,1.24,1.29
.0923,7.01,0.000005,0.79,1.63,-
.0991,7.33,-0.000012,1.10,2.22,-
.1032,7.71,-0.000023,1.39,2.67,-
.1070,8.00,-0.000031,1.74,2.76,-
.1101,7.81,-0.000028,2.11,1.70,-
