CT/sigma,CT (approx),DeltaCQ at hover
0.04,0.0020,~0.000008
0.08,0.0040,~0.000026
0.10,0.0050,~0.000040
