V/OmegaR,theta0.75R,DeltaCQ,lambda2,lambda1(T),lambda1(Q)
0,4.91,0.000000,0,1.07,1.09
.0272,5.10,0.000001,0.17,1.06,1.09
.0503,5.32,0.000003,0.31,1.07,1.10
.0720,5.61,0.000007,0.47,1.11,1.14
.0881,5.94,-0.000003,0.61,1.22,1.25
.1010,6.21,-0.000016,1.03,1.82,-
.1091,6.50,-0.000024,1.28,2.10,-
