theta0.75R (deg),CT,DeltaCQ (= CQ),Confidence
0,0,0,OK
1.15,0.00019,0.000005,OK
2.00,0.00057?,0.000007?,!
3.02,0.00090,0.000023,OK
4.57?,0.00175?,0.000038?,!
5.57,0.00226?,0.000067?,!
6.27?,0.00277?,0.000113?,!
7.00?,0.00311?,0.000137?,!
8.35?,0.00341?,0.000023?,! (last col suspect)
9.90,0.00413?,0.000025?,!
10.65,0.00[?],0.000[?],X
