theta0.75R (deg),CT,DeltaCQ (= CQ),Note
0,0,0,
1.11,0.00017,0.000002,
2.20,0.00052,0.000016,
4.05,0.00152,0.000058,
6.02,0.00275,0.000110,FM=0.93 - high; verify CQ if possible
8.00,0.00375,0.000196,
9.92,0.00468,0.000271,
11.73,0.00527,0.000375,
8.30,0.00411,0.000229,repeat/check
