theta0.75R (deg),CT,DeltaCQ (= CQ)
0,0,0
1.66,0.00024,0.000006
3.42,0.00088,0.000029
5.22,0.00179,0.000071
6.99,0.00254,0.000138
8.70,0.00414,0.000228
10.34,0.00513,0.000323
