V/OmegaR,theta0.75R,DeltaCQ,lambda2,lambda1(T),lambda1(Q)
0,4.73,0.000000,0,1.07,1.10
.0350,4.92,0.000003,0.22,1.07,1.10
.0672,5.13,0.000008,0.43,1.10,1.14
.0860,5.50,0.000015,0.59,1.21,1.28
.0983,5.81,-0.000009,0.89,1.70,-
.1071,6.20,-0.000024,1.31,2.22,-
.1120,6.51,-0.000031,1.73,2.15,-
.1134,6.70,-0.000029,2.00,1.47,-
