theta0.75R,Table V CT,Fig 25 CT (graph read)
4.91deg,0.00168,~0.0017 OK
6.68deg,0.00289,~0.0030 OK
8.46deg,0.00400,~0.0040 OK
10.29deg,0.00488,~0.0050 OK
