V/OmegaR,theta0.75R,DeltaCQ,lambda2,lambda1(T),lambda1(Q)
0,4.60,0.000000,0,1.10,1.11
.0350,4.81,0.000004,0.22,1.09,1.12
.0670,5.10,0.000011,0.44,1.12,1.16
.0881,5.50,0.000019,0.62,1.28,1.37
.0990,5.80,0.000001,0.87,1.73,-
.1080,6.21,-0.000020,1.32,2.29,-
.1131,6.60,-0.000031,1.77,2.01,-
.1140,6.40,-0.000024,2.04,1.47,1.36
