V/OmegaR,theta0.75R,DeltaCQ,lambda2,lambda1(T),lambda1(Q)
0,7.53,0.000000,0,1.05,1.08
.0301,7.72,0.000005,0.14,1.05,1.09
.0570,8.03,0.000013,0.27,1.07,1.11
.0791,8.41,0.000025,0.42,1.10,1.14
.0903,8.80,0.000038,0.56,1.22,1.30
.0981,9.13,0.000003,0.77,1.55,1.68
.1042,9.60,-0.000023,1.07,2.18,-
.1090,10.01,-0.000041,1.36,2.55,-
.1133,10.40,-0.000051,1.74,2.60,-
.1150,10.11,-0.000041,2.01,1.60,-
