V/OmegaR,theta0.75R,DeltaCQ,lambda2,lambda1(T),lambda1(Q)
0,5.11,0.000000,0,1.07,1.04
.0281,5.30,0.000003,0.17,1.07,1.06
.0550,5.61,0.000009,0.35,1.08,1.11
.0772,5.93,0.000017,0.51,1.15,1.21
.0911,6.30,0.000012,0.71,1.43,-
.1000,6.60,-0.000011,1.07,2.32,-
.1061,7.01,-0.000027,1.55,2.82,-
.1100,6.81,-0.000026,2.09,1.65,-
