theta0.75R (deg),CT,DeltaCQ (= CQ)
0,0,0
1.26,0.00028,0.000002
3.08,0.00098,0.000024
4.91,0.00168,0.000070
6.68,0.00289,0.000137
8.46,0.00400,0.000226
10.29,0.00488,0.000342
11.99,0.00526,-
