V/OmegaR,theta0.75R,DeltaCQ,lambda2,lambda1(T),lambda1(Q)
0,7.90,0.000000,0,1.06,1.05
.0330,8.21,0.000014,0.15,1.06,1.07
.0612,8.70,0.000036,0.30,1.08,1.11
.0831,9.20,0.000063,0.47,1.12,1.19
.0960,9.81,0.000073,0.65,1.33,1.46
.1023,10.40,0.000028,0.89,1.85,-
.1061,11.01,-0.000024,1.21,2.68,-
.1090,11.60,-0.000070,1.58,3.15,-
.1111,11.50,-0.000073,1.99,2.55,-
.1130,11.00,-0.000050,2.39,1.68,-
