V/OmegaR,theta0.75R,DeltaCQ,lambda2,lambda1(T),lambda1(Q)
0,7.20,0.000000,0,1.05,1.08
.0403,7.51,0.000012,0.19,1.06,1.09
.0731,7.90,0.000033,0.38,1.09,1.13
.0900,8.33,0.000053,0.55,1.20,1.28
.1002,8.70,0.000037,0.74,1.52,1.64
.1070,9.21,-0.000010,1.05,2.13,-
.1111,9.70,-0.000040,1.41,2.60,-
.1134,10.00,-0.000048,1.76,2.47,-
.1150,9.81,-0.000037,2.05,1.58,-
