V/OmegaR,theta0.75R,DeltaCQ,lambda2,lambda1(T),lambda1(Q)
0,8.83,0.000282,0,1.10,-
.0400,8.74,0.000249,0.91,1.98,2.08
.0556,8.83,0.000251,1.27,2.37,2.48
.0658,8.83,0.000266,1.50,2.60,2.47
.0762,4.87,0.000009,1.83,1.69,1.53
.0795,3.99,0.000039,1.74,1.81,1.57
.0799,4.10,0.000009,1.82,1.65,1.54
