V/OmegaR,theta0.75R,DeltaCQ,lambda2,lambda1(T),lambda1(Q)
0,7.60,0.000000,0,1.07,1.08
.0331,7.90,0.000008,0.15,1.07,1.10
.0620,8.30,0.000022,0.31,1.08,1.12
.0832,8.81,0.000040,0.46,1.12,1.17
.0961,9.20,0.000054,0.62,1.26,1.36
.1040,9.70,0.000033,0.82,1.63,-
.1091,10.21,-0.000009,1.12,2.26,-
.1123,10.60,-0.000039,1.46,2.56,-
.1150,10.50,-0.000042,1.88,2.12,-
.1161,10.21,-0.000029,2.15,1.55,1.56
