theta0.75R (deg),CT,DeltaCQ (= CQ)
0,0,0
1.93,0.00044,0.000020
3.83,0.00136,0.000050
5.70,0.00245,0.000109
7.72,0.00382,0.000203
9.61,0.00477,0.000279
11.39,0.00535,0.000373
7.68,0.00379,0.000201
3.83,0.00135,0.000041
