theta0.75R (deg),CT,DeltaCQ (= CQ)
0,0,0
1.88,0.00031,0.000008
3.75,0.00114,0.000038
5.62,0.00221,0.000089
7.45,0.00335,0.000168
9.21,0.00441,0.000258
10.88,0.00521,0.000351
7.45,0.00335,0.000168
3.75,0.00114,0.000038
