theta0.75R (deg),CT,DeltaCQ (= CQ)
0,0,0
1.53,0.00018,0.000004
3.15,0.00089,0.000025
4.81,0.00187,0.000050
6.45,0.00278,0.000114
8.02,0.00374,0.000199
9.53,0.00471,0.000321
