V/OmegaR,theta0.75R,DeltaCQ,lambda2,lambda1(T),lambda1(Q)
0,8.31,0.000000,0,1.06,1.05
.0270,8.60,0.000009,0.13,1.06,1.06
.0521,9.01,0.000022,0.26,1.07,1.09
.0740,9.50,0.000041,0.40,1.10,1.14
.0870,10.00,0.000059,0.55,1.22,1.31
.0952,10.51,0.000048,0.73,1.55,1.69
.1001,11.00,0.000008,1.00,2.09,-
.1050,11.50,-0.000038,1.32,2.75,-
.1074,12.01,-0.000057,1.61,3.10,-
.1092,11.80,-0.000058,2.00,2.41,-
.1121,11.31,-0.000043,2.36,1.60,-
