V/OmegaR,theta0.75R,DeltaCQ,lambda2,lambda1(T),lambda1(Q)
0,4.81,0.000000,0,1.09,1.10
.0271,5.00,0.000002,0.17,1.08,1.10
.0520,5.23,0.000006,0.33,1.09,1.12
.0731,5.50,0.000012,0.47,1.14,1.18
.0880,5.81,0.000016,0.63,1.30,1.38
.0992,6.20,-0.000001,0.91,1.79,-
.1071,6.50,-0.000017,1.28,2.27,-
.1120,6.90,-0.000028,1.68,2.02,-
.1130,6.70,-0.000022,1.98,1.52,1.36
