V/OmegaR,theta0.75R,DeltaCQ,lambda2,lambda1(T),lambda1(Q)
0,7.31,0.000000,0,1.07,1.08
.0401,7.60,0.000011,0.18,1.07,1.10
.0750,8.00,0.000032,0.37,1.09,1.13
.0960,8.51,0.000055,0.54,1.21,1.30
.1060,9.01,0.000041,0.73,1.54,-
.1111,9.50,0.000001,1.02,2.19,-
.1142,10.01,-0.000036,1.43,2.60,-
.1163,9.90,-0.000042,1.88,2.11,-
.1181,9.50,-0.000029,2.16,1.54,1.56
